,image_path,label
132,/content/drive/MyDrive/solar_PV/data/China/PV01_Rooftop_FlatConcrete/PV01_325317_1205369.bmp,1
2657,/content/drive/MyDrive/solar_PV/data/China/PV01_Rooftop_FlatConcrete/PV01_325220_1204189.bmp,1
4391,/content/drive/MyDrive/solar_PV/data/China/PV01_Rooftop_SteelTile/PV01_325369_1205533.bmp,1
4429,/content/drive/MyDrive/solar_PV/data/China/PV01_Rooftop_FlatConcrete/PV01_325197_1204172.bmp,1
5115,/content/drive/MyDrive/solar_PV/data/China/PV01_Rooftop_FlatConcrete/PV01_325208_1204200.bmp,1
8500,/content/drive/MyDrive/solar_PV/data/China/PV01_Rooftop_FlatConcrete/PV01_325358_1205361.bmp,1
9054,/content/drive/MyDrive/solar_PV/data/China/PV01_Rooftop_FlatConcrete/PV01_325423_1205359.bmp,1
9904,/content/drive/MyDrive/solar_PV/data/China/PV01_Rooftop_Brick/PV01_325500_1203825.bmp,1
10006,/content/drive/MyDrive/solar_PV/data/China/PV01_Rooftop_Brick/PV01_325602_1203760.bmp,1
12114,/content/drive/MyDrive/solar_PV/data/China/PV01_Rooftop_Brick/PV01_325602_1203757.bmp,1
15261,/content/drive/MyDrive/solar_PV/data/China/PV01_Rooftop_FlatConcrete/PV01_325365_1205353.bmp,1
16047,/content/drive/MyDrive/solar_PV/data/China/PV01_Rooftop_FlatConcrete/PV01_325132_1204251.bmp,1
17700,/content/drive/MyDrive/solar_PV/data/China/PV01_Rooftop_FlatConcrete/PV01_325206_1204170.bmp,1
18510,/content/drive/MyDrive/solar_PV/data/China/PV01_Rooftop_Brick/PV01_325573_1204537.bmp,1
19589,/content/drive/MyDrive/solar_PV/data/China/PV01_Rooftop_SteelTile/PV01_325206_1204232.bmp,1
22633,/content/drive/MyDrive/solar_PV/data/China/PV01_Rooftop_FlatConcrete/PV01_325220_1204202.bmp,1
24186,/content/drive/MyDrive/solar_PV/data/China/PV01_Rooftop_Brick/PV01_325327_1203764.bmp,1
29556,/content/drive/MyDrive/solar_PV/data/China/PV01_Rooftop_Brick/PV01_325595_1204561.bmp,1
30247,/content/drive/MyDrive/solar_PV/data/China/PV01_Rooftop_SteelTile/PV01_325139_1204235.bmp,1
32051,/content/drive/MyDrive/solar_PV/data/China/PV01_Rooftop_FlatConcrete/PV01_325418_1205367.bmp,1
33222,/content/drive/MyDrive/solar_PV/data/China/PV01_Rooftop_FlatConcrete/PV01_325314_1205505.bmp,1
35128,/content/drive/MyDrive/solar_PV/data/China/PV01_Rooftop_FlatConcrete/PV01_325130_1204235.bmp,1
36738,/content/drive/MyDrive/solar_PV/data/China/PV01_Rooftop_FlatConcrete/PV01_325314_1205511.bmp,1
37125,/content/drive/MyDrive/solar_PV/data/China/PV01_Rooftop_SteelTile/PV01_325365_1205525.bmp,1
37369,/content/drive/MyDrive/solar_PV/data/China/PV01_Rooftop_FlatConcrete/PV01_325335_1205383.bmp,1
37860,/content/drive/MyDrive/solar_PV/data/China/PV01_Rooftop_FlatConcrete/PV01_325194_1204243.bmp,1
38521,/content/drive/MyDrive/solar_PV/data/China/PV01_Rooftop_SteelTile/PV01_325369_1205528.bmp,1
38846,/content/drive/MyDrive/solar_PV/data/China/PV01_Rooftop_SteelTile/PV01_325146_1204232.bmp,1
39600,/content/drive/MyDrive/solar_PV/data/China/PV01_Rooftop_FlatConcrete/PV01_325331_1205380.bmp,1
41105,/content/drive/MyDrive/solar_PV/data/China/PV01_Rooftop_FlatConcrete/PV01_325220_1204181.bmp,1
42906,/content/drive/MyDrive/solar_PV/data/China/PV01_Rooftop_FlatConcrete/PV01_325574_1204537.bmp,1
44525,/content/drive/MyDrive/solar_PV/data/China/PV01_Rooftop_FlatConcrete/PV01_325199_1204159.bmp,1
44935,/content/drive/MyDrive/solar_PV/data/China/PV01_Rooftop_FlatConcrete/PV01_325127_1204254.bmp,1
49291,/content/drive/MyDrive/solar_PV/data/China/PV01_Rooftop_SteelTile/PV01_325362_1205530.bmp,1
49892,/content/drive/MyDrive/solar_PV/data/China/PV01_Rooftop_FlatConcrete/PV01_325365_1205361.bmp,1
51311,/content/drive/MyDrive/solar_PV/data/China/PV01_Rooftop_SteelTile/PV01_325141_1204235.bmp,1
53636,/content/drive/MyDrive/solar_PV/data/China/PV01_Rooftop_FlatConcrete/PV01_325132_1204229.bmp,1
57302,/content/drive/MyDrive/solar_PV/data/China/PV01_Rooftop_Brick/PV01_325133_1203826.bmp,1
58495,/content/drive/MyDrive/solar_PV/data/China/PV01_Rooftop_FlatConcrete/PV01_325211_1204172.bmp,1
59885,/content/drive/MyDrive/solar_PV/data/China/PV01_Rooftop_Brick/PV01_325599_1204548.bmp,1
61502,/content/drive/MyDrive/solar_PV/data/China/PV01_Rooftop_FlatConcrete/PV01_325204_1204172.bmp,1
62637,/content/drive/MyDrive/solar_PV/data/China/PV01_Rooftop_Brick/PV01_325159_1203815.bmp,1
63527,/content/drive/MyDrive/solar_PV/data/China/PV01_Rooftop_FlatConcrete/PV01_325206_1204172.bmp,1
64206,/content/drive/MyDrive/solar_PV/data/China/PV01_Rooftop_Brick/PV01_325334_1203789.bmp,1
67576,/content/drive/MyDrive/solar_PV/data/China/PV01_Rooftop_FlatConcrete/PV01_325319_1205478.bmp,1
68131,/content/drive/MyDrive/solar_PV/data/China/PV01_Rooftop_FlatConcrete/PV01_325197_1204159.bmp,1
68254,/content/drive/MyDrive/solar_PV/data/China/PV01_Rooftop_FlatConcrete/PV01_325123_1204232.bmp,1
75772,/content/drive/MyDrive/solar_PV/data/China/PV01_Rooftop_FlatConcrete/PV01_325199_1204183.bmp,1
77496,/content/drive/MyDrive/solar_PV/data/China/PV01_Rooftop_FlatConcrete/PV01_325206_1204186.bmp,1
78329,/content/drive/MyDrive/solar_PV/data/China/PV01_Rooftop_FlatConcrete/PV01_325215_1204189.bmp,1
78717,/content/drive/MyDrive/solar_PV/data/China/PV01_Rooftop_SteelTile/PV01_325143_1204235.bmp,1
78977,/content/drive/MyDrive/solar_PV/data/China/PV01_Rooftop_FlatConcrete/PV01_325211_1204202.bmp,1
80685,/content/drive/MyDrive/solar_PV/data/China/PV01_Rooftop_SteelTile/PV01_325141_1204237.bmp,1
81128,/content/drive/MyDrive/solar_PV/data/China/PV01_Rooftop_Brick/PV01_325348_1203794.bmp,1
83636,/content/drive/MyDrive/solar_PV/data/China/PV01_Rooftop_Brick/PV01_325535_1203833.bmp,1
84423,/content/drive/MyDrive/solar_PV/data/China/PV01_Rooftop_Brick/PV01_324956_1203801.bmp,1
84493,/content/drive/MyDrive/solar_PV/data/China/PV01_Rooftop_FlatConcrete/PV01_325419_1205364.bmp,1
85688,/content/drive/MyDrive/solar_PV/data/China/PV01_Rooftop_FlatConcrete/PV01_325363_1205353.bmp,1
86960,/content/drive/MyDrive/solar_PV/data/China/PV01_Rooftop_FlatConcrete/PV01_325333_1205369.bmp,1
96003,/content/drive/MyDrive/solar_PV/data/China/PV01_Rooftop_SteelTile/PV01_325360_1205530.bmp,1
96767,/content/drive/MyDrive/solar_PV/data/China/PV01_Rooftop_FlatConcrete/PV01_325125_1204229.bmp,1
102439,/content/drive/MyDrive/solar_PV/data/China/PV01_Rooftop_Brick/PV01_325586_1204556.bmp,1
103632,/content/drive/MyDrive/solar_PV/data/China/PV01_Rooftop_FlatConcrete/PV01_325211_1204170.bmp,1
104640,/content/drive/MyDrive/solar_PV/data/China/PV01_Rooftop_FlatConcrete/PV01_325204_1204181.bmp,1
105202,/content/drive/MyDrive/solar_PV/data/China/PV01_Rooftop_FlatConcrete/PV01_325416_1205359.bmp,1
105873,/content/drive/MyDrive/solar_PV/data/China/PV01_Rooftop_FlatConcrete/PV01_325215_1204202.bmp,1
106092,/content/drive/MyDrive/solar_PV/data/China/PV01_Rooftop_FlatConcrete/PV01_325197_1204175.bmp,1
107194,/content/drive/MyDrive/solar_PV/data/China/PV01_Rooftop_SteelTile/PV01_325372_1205533.bmp,1
108664,/content/drive/MyDrive/solar_PV/data/China/PV01_Rooftop_FlatConcrete/PV01_325316_1205478.bmp,1
110611,/content/drive/MyDrive/solar_PV/data/China/PV01_Rooftop_FlatConcrete/PV01_325361_1205359.bmp,1
110721,/content/drive/MyDrive/solar_PV/data/China/PV01_Rooftop_SteelTile/PV01_325367_1205525.bmp,1
111351,/content/drive/MyDrive/solar_PV/data/China/PV01_Rooftop_SteelTile/PV01_325374_1205522.bmp,1
116163,/content/drive/MyDrive/solar_PV/data/China/PV01_Rooftop_Brick/PV01_325399_1203754.bmp,1
116242,/content/drive/MyDrive/solar_PV/data/China/PV01_Rooftop_Brick/PV01_325122_1203845.bmp,1
118317,/content/drive/MyDrive/solar_PV/data/China/PV01_Rooftop_FlatConcrete/PV01_325132_1204235.bmp,1
119084,/content/drive/MyDrive/solar_PV/data/China/PV01_Rooftop_FlatConcrete/PV01_325190_1204243.bmp,1
119394,/content/drive/MyDrive/solar_PV/data/China/PV01_Rooftop_SteelTile/PV01_325148_1204237.bmp,1
121001,/content/drive/MyDrive/solar_PV/data/China/PV01_Rooftop_FlatConcrete/PV01_325192_1204170.bmp,1
121593,/content/drive/MyDrive/solar_PV/data/China/PV01_Rooftop_FlatConcrete/PV01_325190_1204167.bmp,1
121676,/content/drive/MyDrive/solar_PV/data/China/PV01_Rooftop_Brick/PV01_324951_1203793.bmp,1
122784,/content/drive/MyDrive/solar_PV/data/China/PV01_Rooftop_Brick/PV01_325537_1203833.bmp,1
126192,/content/drive/MyDrive/solar_PV/data/China/PV01_Rooftop_SteelTile/PV01_325141_1204243.bmp,1
130304,/content/drive/MyDrive/solar_PV/data/China/PV01_Rooftop_FlatConcrete/PV01_325204_1204153.bmp,1
132148,/content/drive/MyDrive/solar_PV/data/China/PV01_Rooftop_FlatConcrete/PV01_325206_1204175.bmp,1
132491,/content/drive/MyDrive/solar_PV/data/China/PV01_Rooftop_Brick/PV01_325581_1204558.bmp,1
132635,/content/drive/MyDrive/solar_PV/data/China/PV01_Rooftop_FlatConcrete/PV01_325134_1204229.bmp,1
135899,/content/drive/MyDrive/solar_PV/data/China/PV01_Rooftop_FlatConcrete/PV01_325331_1205369.bmp,1
136752,/content/drive/MyDrive/solar_PV/data/China/PV01_Rooftop_FlatConcrete/PV01_325213_1204175.bmp,1
138379,/content/drive/MyDrive/solar_PV/data/China/PV01_Rooftop_Brick/PV01_325500_1203822.bmp,1
141293,/content/drive/MyDrive/solar_PV/data/China/PV01_Rooftop_SteelTile/PV01_325365_1205530.bmp,1
141445,/content/drive/MyDrive/solar_PV/data/China/PV01_Rooftop_FlatConcrete/PV01_325206_1204189.bmp,1
141850,/content/drive/MyDrive/solar_PV/data/China/PV01_Rooftop_FlatConcrete/PV01_325222_1204189.bmp,1
143062,/content/drive/MyDrive/solar_PV/data/China/PV01_Rooftop_FlatConcrete/PV01_325206_1204153.bmp,1
144104,/content/drive/MyDrive/solar_PV/data/China/PV01_Rooftop_FlatConcrete/PV01_325222_1204200.bmp,1
144336,/content/drive/MyDrive/solar_PV/data/China/PV01_Rooftop_Brick/PV01_325599_1204542.bmp,1
145396,/content/drive/MyDrive/solar_PV/data/China/PV01_Rooftop_FlatConcrete/PV01_325217_1204205.bmp,1
145546,/content/drive/MyDrive/solar_PV/data/China/PV01_Rooftop_FlatConcrete/PV01_325328_1205383.bmp,1
146062,/content/drive/MyDrive/solar_PV/data/China/PV01_Rooftop_Brick/PV01_325424_1204675.bmp,1
146195,/content/drive/MyDrive/solar_PV/data/China/PV01_Rooftop_Brick/PV01_325424_1204680.bmp,1
146737,/content/drive/MyDrive/solar_PV/data/China/PV01_Rooftop_FlatConcrete/PV01_325201_1204183.bmp,1
148356,/content/drive/MyDrive/solar_PV/data/China/PV01_Rooftop_FlatConcrete/PV01_325213_1204189.bmp,1
149293,/content/drive/MyDrive/solar_PV/data/China/PV01_Rooftop_SteelTile/PV01_325148_1204240.bmp,1
149611,/content/drive/MyDrive/solar_PV/data/China/PV01_Rooftop_FlatConcrete/PV01_325361_1205353.bmp,1
150223,/content/drive/MyDrive/solar_PV/data/China/PV01_Rooftop_FlatConcrete/PV01_325119_1204074.bmp,1
150636,/content/drive/MyDrive/solar_PV/data/China/PV01_Rooftop_FlatConcrete/PV01_325206_1204159.bmp,1
153952,/content/drive/MyDrive/solar_PV/data/China/PV01_Rooftop_FlatConcrete/PV01_325208_1204191.bmp,1
154254,/content/drive/MyDrive/solar_PV/data/China/PV01_Rooftop_FlatConcrete/PV01_325316_1205508.bmp,1
154830,/content/drive/MyDrive/solar_PV/data/China/PV01_Rooftop_FlatConcrete/PV01_325414_1205353.bmp,1
156292,/content/drive/MyDrive/solar_PV/data/China/PV01_Rooftop_FlatConcrete/PV01_325322_1205369.bmp,1
156420,/content/drive/MyDrive/solar_PV/data/China/PV01_Rooftop_FlatConcrete/PV01_325224_1204200.bmp,1
156447,/content/drive/MyDrive/solar_PV/data/China/PV01_Rooftop_Brick/PV01_324981_1203795.bmp,1
158042,/content/drive/MyDrive/solar_PV/data/China/PV01_Rooftop_FlatConcrete/PV01_325130_1204243.bmp,1
159283,/content/drive/MyDrive/solar_PV/data/China/PV01_Rooftop_Brick/PV01_325321_1205489.bmp,1
163224,/content/drive/MyDrive/solar_PV/data/China/PV01_Rooftop_FlatConcrete/PV01_325338_1205369.bmp,1
168113,/content/drive/MyDrive/solar_PV/data/China/PV01_Rooftop_FlatConcrete/PV01_325363_1205359.bmp,1
170369,/content/drive/MyDrive/solar_PV/data/China/PV01_Rooftop_FlatConcrete/PV01_325197_1204161.bmp,1
171672,/content/drive/MyDrive/solar_PV/data/China/PV01_Rooftop_FlatConcrete/PV01_325328_1205372.bmp,1
173529,/content/drive/MyDrive/solar_PV/data/China/PV01_Rooftop_FlatConcrete/PV01_325319_1205511.bmp,1
177888,/content/drive/MyDrive/solar_PV/data/China/PV01_Rooftop_FlatConcrete/PV01_325326_1205372.bmp,1
177922,/content/drive/MyDrive/solar_PV/data/China/PV01_Rooftop_SteelTile/PV01_325139_1204232.bmp,1
179858,/content/drive/MyDrive/solar_PV/data/China/PV01_Rooftop_FlatConcrete/PV01_325213_1204170.bmp,1
182484,/content/drive/MyDrive/solar_PV/data/China/PV01_Rooftop_FlatConcrete/PV01_325211_1204181.bmp,1
183634,/content/drive/MyDrive/solar_PV/data/China/PV01_Rooftop_FlatConcrete/PV01_325229_1204200.bmp,1
184238,/content/drive/MyDrive/solar_PV/data/China/PV01_Rooftop_Brick/PV01_324972_1203801.bmp,1
184277,/content/drive/MyDrive/solar_PV/data/China/PV01_Rooftop_Brick/PV01_325563_1204531.bmp,1
185262,/content/drive/MyDrive/solar_PV/data/China/PV01_Rooftop_FlatConcrete/PV01_325338_1205377.bmp,1
187222,/content/drive/MyDrive/solar_PV/data/China/PV01_Rooftop_FlatConcrete/PV01_325132_1204240.bmp,1
188757,/content/drive/MyDrive/solar_PV/data/China/PV01_Rooftop_FlatConcrete/PV01_325123_1204240.bmp,1
188878,/content/drive/MyDrive/solar_PV/data/China/PV01_Rooftop_FlatConcrete/PV01_325416_1205356.bmp,1
189151,/content/drive/MyDrive/solar_PV/data/China/PV01_Rooftop_Brick/PV01_325435_1204697.bmp,1
192512,/content/drive/MyDrive/solar_PV/data/China/PV01_Rooftop_FlatConcrete/PV01_325316_1205511.bmp,1
192630,/content/drive/MyDrive/solar_PV/data/China/PV01_Rooftop_FlatConcrete/PV01_325201_1204181.bmp,1
196238,/content/drive/MyDrive/solar_PV/data/China/PV01_Rooftop_FlatConcrete/PV01_325130_1204251.bmp,1
197994,/content/drive/MyDrive/solar_PV/data/China/PV01_Rooftop_FlatConcrete/PV01_325416_1205362.bmp,1
198255,/content/drive/MyDrive/solar_PV/data/China/PV01_Rooftop_Brick/PV01_325558_1204599.bmp,1
202180,/content/drive/MyDrive/solar_PV/data/China/PV01_Rooftop_FlatConcrete/PV01_325220_1204183.bmp,1
205072,/content/drive/MyDrive/solar_PV/data/China/PV01_Rooftop_Brick/PV01_325565_1204534.bmp,1
206507,/content/drive/MyDrive/solar_PV/data/China/PV01_Rooftop_FlatConcrete/PV01_325204_1204164.bmp,1
214296,/content/drive/MyDrive/solar_PV/data/China/PV01_Rooftop_FlatConcrete/PV01_325324_1205377.bmp,1
214729,/content/drive/MyDrive/solar_PV/data/China/PV01_Rooftop_Brick/PV01_325397_1203797.bmp,1
215437,/content/drive/MyDrive/solar_PV/data/China/PV01_Rooftop_SteelTile/PV01_325365_1205522.bmp,1
215991,/content/drive/MyDrive/solar_PV/data/China/PV01_Rooftop_SteelTile/PV01_325355_1205530.bmp,1
216023,/content/drive/MyDrive/solar_PV/data/China/PV01_Rooftop_FlatConcrete/PV01_325127_1204246.bmp,1
218036,/content/drive/MyDrive/solar_PV/data/China/PV01_Rooftop_FlatConcrete/PV01_325414_1205359.bmp,1
220881,/content/drive/MyDrive/solar_PV/data/China/PV01_Rooftop_FlatConcrete/PV01_325206_1204148.bmp,1
220994,/content/drive/MyDrive/solar_PV/data/China/PV01_Rooftop_Brick/PV01_325399_1203794.bmp,1
226120,/content/drive/MyDrive/solar_PV/data/China/PV01_Rooftop_FlatConcrete/PV01_325211_1204167.bmp,1
226437,/content/drive/MyDrive/solar_PV/data/China/PV01_Rooftop_FlatConcrete/PV01_325412_1205364.bmp,1
226604,/content/drive/MyDrive/solar_PV/data/China/PV01_Rooftop_SteelTile/PV01_325150_1204246.bmp,1
228559,/content/drive/MyDrive/solar_PV/data/China/PV01_Rooftop_FlatConcrete/PV01_325319_1205508.bmp,1
229974,/content/drive/MyDrive/solar_PV/data/China/PV01_Rooftop_FlatConcrete/PV01_325197_1204156.bmp,1
230593,/content/drive/MyDrive/solar_PV/data/China/PV01_Rooftop_Brick/PV01_325228_1203845.bmp,1
231436,/content/drive/MyDrive/solar_PV/data/China/PV01_Rooftop_FlatConcrete/PV01_325213_1204197.bmp,1
233801,/content/drive/MyDrive/solar_PV/data/China/PV01_Rooftop_FlatConcrete/PV01_325137_1204227.bmp,1
235143,/content/drive/MyDrive/solar_PV/data/China/PV01_Rooftop_FlatConcrete/PV01_325211_1204175.bmp,1
235445,/content/drive/MyDrive/solar_PV/data/China/PV01_Rooftop_SteelTile/PV01_325374_1205533.bmp,1
236328,/content/drive/MyDrive/solar_PV/data/China/PV01_Rooftop_FlatConcrete/PV01_325418_1205370.bmp,1
237703,/content/drive/MyDrive/solar_PV/data/China/PV01_Rooftop_FlatConcrete/PV01_325213_1204178.bmp,1
241326,/content/drive/MyDrive/solar_PV/data/China/PV01_Rooftop_FlatConcrete/PV01_325185_1204156.bmp,1
246815,/content/drive/MyDrive/solar_PV/data/China/PV01_Rooftop_Brick/PV01_325572_1204564.bmp,1
247267,/content/drive/MyDrive/solar_PV/data/China/PV01_Rooftop_FlatConcrete/PV01_325137_1204229.bmp,1
247931,/content/drive/MyDrive/solar_PV/data/China/PV01_Rooftop_SteelTile/PV01_325358_1205530.bmp,1
248862,/content/drive/MyDrive/solar_PV/data/China/PV01_Rooftop_FlatConcrete/PV01_325204_1204161.bmp,1
250102,/content/drive/MyDrive/solar_PV/data/China/PV01_Rooftop_FlatConcrete/PV01_325132_1204243.bmp,1
255086,/content/drive/MyDrive/solar_PV/data/China/PV01_Rooftop_FlatConcrete/PV01_325416_1205367.bmp,1
256220,/content/drive/MyDrive/solar_PV/data/China/PV01_Rooftop_FlatConcrete/PV01_325201_1204178.bmp,1
258396,/content/drive/MyDrive/solar_PV/data/China/PV01_Rooftop_FlatConcrete/PV01_325127_1204235.bmp,1
259153,/content/drive/MyDrive/solar_PV/data/China/PV01_Rooftop_FlatConcrete/PV01_325359_1205356.bmp,1
262414,/content/drive/MyDrive/solar_PV/data/China/PV01_Rooftop_FlatConcrete/PV01_325213_1204202.bmp,1
263946,/content/drive/MyDrive/solar_PV/data/China/PV01_Rooftop_Brick/PV01_325290_1203778.bmp,1
267122,/content/drive/MyDrive/solar_PV/data/China/PV01_Rooftop_Brick/PV01_325597_1204553.bmp,1
268283,/content/drive/MyDrive/solar_PV/data/China/PV01_Rooftop_SteelTile/PV01_325148_1204235.bmp,1
268978,/content/drive/MyDrive/solar_PV/data/China/PV01_Rooftop_Brick/PV01_325599_1204545.bmp,1
271026,/content/drive/MyDrive/solar_PV/data/China/PV01_Rooftop_FlatConcrete/PV01_325414_1205370.bmp,1
273837,/content/drive/MyDrive/solar_PV/data/China/PV01_Rooftop_FlatConcrete/PV01_325218_1204189.bmp,1
278638,/content/drive/MyDrive/solar_PV/data/China/PV01_Rooftop_SteelTile/PV01_325358_1205525.bmp,1
279391,/content/drive/MyDrive/solar_PV/data/China/PV01_Rooftop_FlatConcrete/PV01_325120_1204226.bmp,1
283697,/content/drive/MyDrive/solar_PV/data/China/PV01_Rooftop_FlatConcrete/PV01_325213_1204183.bmp,1
286685,/content/drive/MyDrive/solar_PV/data/China/PV01_Rooftop_SteelTile/PV01_325369_1205525.bmp,1
286930,/content/drive/MyDrive/solar_PV/data/China/PV01_Rooftop_FlatConcrete/PV01_325195_1204156.bmp,1
287869,/content/drive/MyDrive/solar_PV/data/China/PV01_Rooftop_FlatConcrete/PV01_325206_1204181.bmp,1
288138,/content/drive/MyDrive/solar_PV/data/China/PV01_Rooftop_FlatConcrete/PV01_325363_1205364.bmp,1
288567,/content/drive/MyDrive/solar_PV/data/China/PV01_Rooftop_SteelTile/PV01_325139_1204224.bmp,1
289929,/content/drive/MyDrive/solar_PV/data/China/PV01_Rooftop_FlatConcrete/PV01_325222_1204186.bmp,1
291607,/content/drive/MyDrive/solar_PV/data/China/PV01_Rooftop_FlatConcrete/PV01_325359_1205353.bmp,1
291821,/content/drive/MyDrive/solar_PV/data/China/PV01_Rooftop_FlatConcrete/PV01_325190_1204170.bmp,1
292924,/content/drive/MyDrive/solar_PV/data/China/PV01_Rooftop_FlatConcrete/PV01_325192_1204156.bmp,1
293169,/content/drive/MyDrive/solar_PV/data/China/PV01_Rooftop_FlatConcrete/PV01_325414_1205356.bmp,1
294562,/content/drive/MyDrive/solar_PV/data/China/PV01_Rooftop_FlatConcrete/PV01_325421_1205356.bmp,1
295218,/content/drive/MyDrive/solar_PV/data/China/PV01_Rooftop_FlatConcrete/PV01_325137_1204235.bmp,1
296431,/content/drive/MyDrive/solar_PV/data/China/PV01_Rooftop_FlatConcrete/PV01_325206_1204191.bmp,1
296756,/content/drive/MyDrive/solar_PV/data/China/PV01_Rooftop_FlatConcrete/PV01_325335_1205372.bmp,1
299502,/content/drive/MyDrive/solar_PV/data/China/PV01_Rooftop_FlatConcrete/PV01_325192_1204159.bmp,1
299922,/content/drive/MyDrive/solar_PV/data/China/PV01_Rooftop_FlatConcrete/PV01_325224_1204197.bmp,1
301036,/content/drive/MyDrive/solar_PV/data/China/PV01_Rooftop_FlatConcrete/PV01_325134_1204232.bmp,1
301479,/content/drive/MyDrive/solar_PV/data/China/PV01_Rooftop_FlatConcrete/PV01_325199_1204153.bmp,1
301700,/content/drive/MyDrive/solar_PV/data/China/PV01_Rooftop_FlatConcrete/PV01_325333_1205375.bmp,1
302614,/content/drive/MyDrive/solar_PV/data/China/PV01_Rooftop_SteelTile/PV01_325146_1204235.bmp,1
302703,/content/drive/MyDrive/solar_PV/data/China/PV01_Rooftop_FlatConcrete/PV01_325314_1205508.bmp,1
303299,/content/drive/MyDrive/solar_PV/data/China/PV01_Rooftop_FlatConcrete/PV01_325201_1204159.bmp,1
305174,/content/drive/MyDrive/solar_PV/data/China/PV01_Rooftop_FlatConcrete/PV01_325211_1204197.bmp,1
307037,/content/drive/MyDrive/solar_PV/data/China/PV01_Rooftop_Brick/PV01_325122_1203850.bmp,1
307224,/content/drive/MyDrive/solar_PV/data/China/PV01_Rooftop_SteelTile/PV01_325365_1205533.bmp,1
307290,/content/drive/MyDrive/solar_PV/data/China/PV01_Rooftop_SteelTile/PV01_325148_1204229.bmp,1
307469,/content/drive/MyDrive/solar_PV/data/China/PV01_Rooftop_SteelTile/PV01_325141_1204232.bmp,1
309597,/content/drive/MyDrive/solar_PV/data/China/PV01_Rooftop_FlatConcrete/PV01_325127_1204237.bmp,1
312849,/content/drive/MyDrive/solar_PV/data/China/PV01_Rooftop_FlatConcrete/PV01_325211_1204178.bmp,1
313239,/content/drive/MyDrive/solar_PV/data/China/PV01_Rooftop_FlatConcrete/PV01_325326_1205383.bmp,1
313613,/content/drive/MyDrive/solar_PV/data/China/PV01_Rooftop_Brick/PV01_325466_1203784.bmp,1
314040,/content/drive/MyDrive/solar_PV/data/China/PV01_Rooftop_FlatConcrete/PV01_325190_1204159.bmp,1
316050,/content/drive/MyDrive/solar_PV/data/China/PV01_Rooftop_FlatConcrete/PV01_325326_1205380.bmp,1
317271,/content/drive/MyDrive/solar_PV/data/China/PV01_Rooftop_FlatConcrete/PV01_325229_1204197.bmp,1
322057,/content/drive/MyDrive/solar_PV/data/China/PV01_Rooftop_FlatConcrete/PV01_325192_1204240.bmp,1
323111,/content/drive/MyDrive/solar_PV/data/China/PV01_Rooftop_FlatConcrete/PV01_325130_1204240.bmp,1
323596,/content/drive/MyDrive/solar_PV/data/China/PV01_Rooftop_Brick/PV01_324951_1203795.bmp,1
323938,/content/drive/MyDrive/solar_PV/data/China/PV01_Rooftop_FlatConcrete/PV01_325419_1205359.bmp,1
324507,/content/drive/MyDrive/solar_PV/data/China/PV01_Rooftop_FlatConcrete/PV01_325324_1205380.bmp,1
325444,/content/drive/MyDrive/solar_PV/data/China/PV01_Rooftop_FlatConcrete/PV01_325192_1204251.bmp,1
325941,/content/drive/MyDrive/solar_PV/data/China/PV01_Rooftop_FlatConcrete/PV01_325423_1205353.bmp,1
326113,/content/drive/MyDrive/solar_PV/data/China/PV01_Rooftop_FlatConcrete/PV01_325365_1205356.bmp,1
326221,/content/drive/MyDrive/solar_PV/data/China/PV01_Rooftop_FlatConcrete/PV01_325319_1205377.bmp,1
327866,/content/drive/MyDrive/solar_PV/data/China/PV01_Rooftop_FlatConcrete/PV01_325192_1204249.bmp,1
329563,/content/drive/MyDrive/solar_PV/data/China/PV01_Rooftop_FlatConcrete/PV01_325125_1204226.bmp,1
331901,/content/drive/MyDrive/solar_PV/data/China/PV01_Rooftop_SteelTile/PV01_325374_1205530.bmp,1
335451,/content/drive/MyDrive/solar_PV/data/China/PV01_Rooftop_FlatConcrete/PV01_325208_1204159.bmp,1
337303,/content/drive/MyDrive/solar_PV/data/China/PV01_Rooftop_SteelTile/PV01_325139_1204227.bmp,1
337748,/content/drive/MyDrive/solar_PV/data/China/PV01_Rooftop_Brick/PV01_325173_1203750.bmp,1
338781,/content/drive/MyDrive/solar_PV/data/China/PV01_Rooftop_SteelTile/PV01_325360_1205533.bmp,1
339843,/content/drive/MyDrive/solar_PV/data/China/PV01_Rooftop_SteelTile/PV01_325141_1204224.bmp,1
339947,/content/drive/MyDrive/solar_PV/data/China/PV01_Rooftop_FlatConcrete/PV01_325224_1204202.bmp,1
339966,/content/drive/MyDrive/solar_PV/data/China/PV01_Rooftop_FlatConcrete/PV01_325412_1205356.bmp,1
340529,/content/drive/MyDrive/solar_PV/data/China/PV01_Rooftop_Brick/PV01_325583_1204531.bmp,1
341482,/content/drive/MyDrive/solar_PV/data/China/PV01_Rooftop_Brick/PV01_325415_1203778.bmp,1
341909,/content/drive/MyDrive/solar_PV/data/China/PV01_Rooftop_FlatConcrete/PV01_325139_1204237.bmp,1
341994,/content/drive/MyDrive/solar_PV/data/China/PV01_Rooftop_FlatConcrete/PV01_325194_1204170.bmp,1
345077,/content/drive/MyDrive/solar_PV/data/China/PV01_Rooftop_FlatConcrete/PV01_325423_1205356.bmp,1
345546,/content/drive/MyDrive/solar_PV/data/China/PV01_Rooftop_FlatConcrete/PV01_325125_1204240.bmp,1
347135,/content/drive/MyDrive/solar_PV/data/China/PV01_Rooftop_FlatConcrete/PV01_325213_1204172.bmp,1
350010,/content/drive/MyDrive/solar_PV/data/China/PV01_Rooftop_FlatConcrete/PV01_325328_1205375.bmp,1
351199,/content/drive/MyDrive/solar_PV/data/China/PV01_Rooftop_FlatConcrete/PV01_325331_1205383.bmp,1
352577,/content/drive/MyDrive/solar_PV/data/China/PV01_Rooftop_SteelTile/PV01_325372_1205522.bmp,1
354958,/content/drive/MyDrive/solar_PV/data/China/PV01_Rooftop_FlatConcrete/PV01_325123_1204237.bmp,1
356226,/content/drive/MyDrive/solar_PV/data/China/PV01_Rooftop_FlatConcrete/PV01_325326_1205375.bmp,1
358552,/content/drive/MyDrive/solar_PV/data/China/PV01_Rooftop_Brick/PV01_325426_1204675.bmp,1
360992,/content/drive/MyDrive/solar_PV/data/China/PV01_Rooftop_Brick/PV01_325237_1203816.bmp,1
362153,/content/drive/MyDrive/solar_PV/data/China/PV01_Rooftop_FlatConcrete/PV01_325132_1204254.bmp,1
367139,/content/drive/MyDrive/solar_PV/data/China/PV01_Rooftop_SteelTile/PV01_325208_1204230.bmp,1
370406,/content/drive/MyDrive/solar_PV/data/China/PV01_Rooftop_Brick/PV01_325154_1203812.bmp,1
371073,/content/drive/MyDrive/solar_PV/data/China/PV01_Rooftop_Brick/PV01_325581_1204561.bmp,1
371313,/content/drive/MyDrive/solar_PV/data/China/PV01_Rooftop_FlatConcrete/PV01_325416_1205351.bmp,1
377444,/content/drive/MyDrive/solar_PV/data/China/PV01_Rooftop_FlatConcrete/PV01_325213_1204191.bmp,1
378480,/content/drive/MyDrive/solar_PV/data/China/PV01_Rooftop_SteelTile/PV01_325143_1204246.bmp,1
379067,/content/drive/MyDrive/solar_PV/data/China/PV01_Rooftop_FlatConcrete/PV01_325333_1205383.bmp,1
379346,/content/drive/MyDrive/solar_PV/data/China/PV01_Rooftop_FlatConcrete/PV01_325572_1204539.bmp,1
380547,/content/drive/MyDrive/solar_PV/data/China/PV01_Rooftop_FlatConcrete/PV01_325222_1204197.bmp,1
382137,/content/drive/MyDrive/solar_PV/data/China/PV01_Rooftop_FlatConcrete/PV01_325213_1204208.bmp,1
382284,/content/drive/MyDrive/solar_PV/data/China/PV01_Rooftop_FlatConcrete/PV01_325354_1205353.bmp,1
384406,/content/drive/MyDrive/solar_PV/data/China/PV01_Rooftop_Brick/PV01_325246_1203821.bmp,1
385808,/content/drive/MyDrive/solar_PV/data/China/PV01_Rooftop_FlatConcrete/PV01_325356_1205358.bmp,1
388002,/content/drive/MyDrive/solar_PV/data/China/PV01_Rooftop_FlatConcrete/PV01_325416_1205353.bmp,1
393161,/content/drive/MyDrive/solar_PV/data/China/PV01_Rooftop_FlatConcrete/PV01_325328_1205380.bmp,1
394115,/content/drive/MyDrive/solar_PV/data/China/PV01_Rooftop_FlatConcrete/PV01_325328_1205369.bmp,1
396155,/content/drive/MyDrive/solar_PV/data/China/PV01_Rooftop_FlatConcrete/PV01_325204_1204159.bmp,1
396812,/content/drive/MyDrive/solar_PV/data/China/PV01_Rooftop_FlatConcrete/PV01_325199_1204172.bmp,1
399801,/content/drive/MyDrive/solar_PV/data/China/PV01_Rooftop_FlatConcrete/PV01_325127_1204243.bmp,1
400125,/content/drive/MyDrive/solar_PV/data/China/PV01_Rooftop_FlatConcrete/PV01_325421_1205351.bmp,1
400303,/content/drive/MyDrive/solar_PV/data/China/PV01_Rooftop_Brick/PV01_325373_1203808.bmp,1
402795,/content/drive/MyDrive/solar_PV/data/China/PV01_Rooftop_FlatConcrete/PV01_325412_1205359.bmp,1
402822,/content/drive/MyDrive/solar_PV/data/China/PV01_Rooftop_FlatConcrete/PV01_325125_1204232.bmp,1
403437,/content/drive/MyDrive/solar_PV/data/China/PV01_Rooftop_FlatConcrete/PV01_325227_1204192.bmp,1
403744,/content/drive/MyDrive/solar_PV/data/China/PV01_Rooftop_Brick/PV01_325279_1203778.bmp,1
406755,/content/drive/MyDrive/solar_PV/data/China/PV01_Rooftop_FlatConcrete/PV01_325321_1205478.bmp,1
407083,/content/drive/MyDrive/solar_PV/data/China/PV01_Rooftop_Brick/PV01_325599_1204553.bmp,1
407153,/content/drive/MyDrive/solar_PV/data/China/PV01_Rooftop_FlatConcrete/PV01_325321_1205377.bmp,1
408442,/content/drive/MyDrive/solar_PV/data/China/PV01_Rooftop_Brick/PV01_325173_1203753.bmp,1
411487,/content/drive/MyDrive/solar_PV/data/China/PV01_Rooftop_SteelTile/PV01_325374_1205528.bmp,1
414565,/content/drive/MyDrive/solar_PV/data/China/PV01_Rooftop_FlatConcrete/PV01_325215_1204191.bmp,1
417038,/content/drive/MyDrive/solar_PV/data/China/PV01_Rooftop_Brick/PV01_325321_1205486.bmp,1
423640,/content/drive/MyDrive/solar_PV/data/China/PV01_Rooftop_Brick/PV01_325595_1204558.bmp,1
424336,/content/drive/MyDrive/solar_PV/data/China/PV01_Rooftop_FlatConcrete/PV01_325137_1204232.bmp,1
425560,/content/drive/MyDrive/solar_PV/data/China/PV01_Rooftop_FlatConcrete/PV01_325197_1204170.bmp,1
428195,/content/drive/MyDrive/solar_PV/data/China/PV01_Rooftop_FlatConcrete/PV01_325333_1205372.bmp,1
429886,/content/drive/MyDrive/solar_PV/data/China/PV01_Rooftop_FlatConcrete/PV01_325195_1204153.bmp,1
432837,/content/drive/MyDrive/solar_PV/data/China/PV01_Rooftop_FlatConcrete/PV01_325197_1204251.bmp,1
433371,/content/drive/MyDrive/solar_PV/data/China/PV01_Rooftop_FlatConcrete/PV01_325204_1204170.bmp,1
435504,/content/drive/MyDrive/solar_PV/data/China/PV01_Rooftop_Brick/PV01_325360_1203794.bmp,1
436496,/content/drive/MyDrive/solar_PV/data/China/PV01_Rooftop_FlatConcrete/PV01_325412_1205367.bmp,1
437715,/content/drive/MyDrive/solar_PV/data/China/PV01_Rooftop_FlatConcrete/PV01_325213_1204205.bmp,1
437861,/content/drive/MyDrive/solar_PV/data/China/PV01_Rooftop_FlatConcrete/PV01_325572_1204545.bmp,1
441392,/content/drive/MyDrive/solar_PV/data/China/PV01_Rooftop_FlatConcrete/PV01_325416_1205364.bmp,1
447474,/content/drive/MyDrive/solar_PV/data/China/PV01_Rooftop_Brick/PV01_325122_1203848.bmp,1
447493,/content/drive/MyDrive/solar_PV/data/China/PV01_Rooftop_Brick/PV01_325124_1203848.bmp,1
447514,/content/drive/MyDrive/solar_PV/data/China/PV01_Rooftop_Brick/PV01_325337_1203791.bmp,1
447970,/content/drive/MyDrive/solar_PV/data/China/PV01_Rooftop_FlatConcrete/PV01_325192_1204167.bmp,1
449365,/content/drive/MyDrive/solar_PV/data/China/PV01_Rooftop_Brick/PV01_325595_1204556.bmp,1
451288,/content/drive/MyDrive/solar_PV/data/China/PV01_Rooftop_FlatConcrete/PV01_325194_1204172.bmp,1
452225,/content/drive/MyDrive/solar_PV/data/China/PV01_Rooftop_Brick/PV01_325555_1204580.bmp,1
457846,/content/drive/MyDrive/solar_PV/data/China/PV01_Rooftop_FlatConcrete/PV01_325208_1204189.bmp,1
458524,/content/drive/MyDrive/solar_PV/data/China/PV01_Rooftop_Brick/PV01_325586_1204548.bmp,1
459453,/content/drive/MyDrive/solar_PV/data/China/PV01_Rooftop_FlatConcrete/PV01_325222_1204194.bmp,1
460784,/content/drive/MyDrive/solar_PV/data/China/PV01_Rooftop_SteelTile/PV01_325376_1205522.bmp,1
460824,/content/drive/MyDrive/solar_PV/data/China/PV01_Rooftop_FlatConcrete/PV01_325194_1204249.bmp,1
462684,/content/drive/MyDrive/solar_PV/data/China/PV01_Rooftop_FlatConcrete/PV01_325208_1204175.bmp,1
462945,/content/drive/MyDrive/solar_PV/data/China/PV01_Rooftop_FlatConcrete/PV01_325211_1204189.bmp,1
466466,/content/drive/MyDrive/solar_PV/data/China/PV01_Rooftop_FlatConcrete/PV01_325201_1204172.bmp,1
467539,/content/drive/MyDrive/solar_PV/data/China/PV01_Rooftop_FlatConcrete/PV01_325416_1205370.bmp,1
474022,/content/drive/MyDrive/solar_PV/data/China/PV01_Rooftop_FlatConcrete/PV01_325331_1205377.bmp,1
476931,/content/drive/MyDrive/solar_PV/data/China/PV01_Rooftop_SteelTile/PV01_325376_1205530.bmp,1
477051,/content/drive/MyDrive/solar_PV/data/China/PV01_Rooftop_SteelTile/PV01_325208_1204235.bmp,1
477054,/content/drive/MyDrive/solar_PV/data/China/PV01_Rooftop_FlatConcrete/PV01_325195_1204164.bmp,1
477157,/content/drive/MyDrive/solar_PV/data/China/PV01_Rooftop_FlatConcrete/PV01_325199_1204167.bmp,1
477972,/content/drive/MyDrive/solar_PV/data/China/PV01_Rooftop_SteelTile/PV01_325369_1205522.bmp,1
479225,/content/drive/MyDrive/solar_PV/data/China/PV01_Rooftop_Brick/PV01_325567_1203822.bmp,1
482516,/content/drive/MyDrive/solar_PV/data/China/PV01_Rooftop_SteelTile/PV01_325146_1204227.bmp,1
484884,/content/drive/MyDrive/solar_PV/data/China/PV01_Rooftop_FlatConcrete/PV01_325211_1204205.bmp,1
489758,/content/drive/MyDrive/solar_PV/data/China/PV01_Rooftop_FlatConcrete/PV01_325419_1205353.bmp,1
493488,/content/drive/MyDrive/solar_PV/data/China/PV01_Rooftop_SteelTile/PV01_325143_1204248.bmp,1
494263,/content/drive/MyDrive/solar_PV/data/China/PV01_Rooftop_FlatConcrete/PV01_325338_1205380.bmp,1
495580,/content/drive/MyDrive/solar_PV/data/China/PV01_Rooftop_FlatConcrete/PV01_325324_1205372.bmp,1
497254,/content/drive/MyDrive/solar_PV/data/China/PV01_Rooftop_FlatConcrete/PV01_325192_1204164.bmp,1
499658,/content/drive/MyDrive/solar_PV/data/China/PV01_Rooftop_SteelTile/PV01_325367_1205533.bmp,1
500645,/content/drive/MyDrive/solar_PV/data/China/PV01_Rooftop_Brick/PV01_325228_1203843.bmp,1
502671,/content/drive/MyDrive/solar_PV/data/China/PV01_Rooftop_FlatConcrete/PV01_325204_1204178.bmp,1
502686,/content/drive/MyDrive/solar_PV/data/China/PV01_Rooftop_FlatConcrete/PV01_325358_1205364.bmp,1
503259,/content/drive/MyDrive/solar_PV/data/China/PV01_Rooftop_FlatConcrete/PV01_325361_1205361.bmp,1
507738,/content/drive/MyDrive/solar_PV/data/China/PV01_Rooftop_FlatConcrete/PV01_325332_1205345.bmp,1
507742,/content/drive/MyDrive/solar_PV/data/China/PV01_Rooftop_FlatConcrete/PV01_325356_1205356.bmp,1
508064,/content/drive/MyDrive/solar_PV/data/China/PV01_Rooftop_FlatConcrete/PV01_325331_1205372.bmp,1
509149,/content/drive/MyDrive/solar_PV/data/China/PV01_Rooftop_FlatConcrete/PV01_325421_1205359.bmp,1
509320,/content/drive/MyDrive/solar_PV/data/China/PV01_Rooftop_FlatConcrete/PV01_325416_1205372.bmp,1
510072,/content/drive/MyDrive/solar_PV/data/China/PV01_Rooftop_Brick/PV01_325281_1203778.bmp,1
510606,/content/drive/MyDrive/solar_PV/data/China/PV01_Rooftop_FlatConcrete/PV01_325363_1205361.bmp,1
514849,/content/drive/MyDrive/solar_PV/data/China/PV01_Rooftop_Brick/PV01_325290_1203775.bmp,1
515054,/content/drive/MyDrive/solar_PV/data/China/PV01_Rooftop_FlatConcrete/PV01_325363_1205367.bmp,1
516020,/content/drive/MyDrive/solar_PV/data/China/PV01_Rooftop_FlatConcrete/PV01_325325_1205380.bmp,1
516034,/content/drive/MyDrive/solar_PV/data/China/PV01_Rooftop_SteelTile/PV01_325358_1205527.bmp,1
518198,/content/drive/MyDrive/solar_PV/data/China/PV01_Rooftop_FlatConcrete/PV01_325220_1204200.bmp,1
518530,/content/drive/MyDrive/solar_PV/data/China/PV01_Rooftop_SteelTile/PV01_325144_1204232.bmp,1
518738,/content/drive/MyDrive/solar_PV/data/China/PV01_Rooftop_Brick/PV01_325565_1204537.bmp,1
520320,/content/drive/MyDrive/solar_PV/data/China/PV01_Rooftop_SteelTile/PV01_325143_1204240.bmp,1
520435,/content/drive/MyDrive/solar_PV/data/China/PV01_Rooftop_FlatConcrete/PV01_325188_1204164.bmp,1
522903,/content/drive/MyDrive/solar_PV/data/China/PV01_Rooftop_Brick/PV01_325496_1203757.bmp,1
524080,/content/drive/MyDrive/solar_PV/data/China/PV01_Rooftop_FlatConcrete/PV01_325190_1204153.bmp,1
528450,/content/drive/MyDrive/solar_PV/data/China/PV01_Rooftop_FlatConcrete/PV01_325201_1204175.bmp,1
530569,/content/drive/MyDrive/solar_PV/data/China/PV01_Rooftop_Brick/PV01_324958_1203801.bmp,1
530679,/content/drive/MyDrive/solar_PV/data/China/PV01_Rooftop_Brick/PV01_325586_1204550.bmp,1
531489,/content/drive/MyDrive/solar_PV/data/China/PV01_Rooftop_Brick/PV01_325122_1203837.bmp,1
531921,/content/drive/MyDrive/solar_PV/data/China/PV01_Rooftop_FlatConcrete/PV01_325127_1204226.bmp,1
536159,/content/drive/MyDrive/solar_PV/data/China/PV01_Rooftop_FlatConcrete/PV01_325407_1205351.bmp,1
538719,/content/drive/MyDrive/solar_PV/data/China/PV01_Rooftop_FlatConcrete/PV01_325137_1204224.bmp,1
540054,/content/drive/MyDrive/solar_PV/data/China/PV01_Rooftop_SteelTile/PV01_325146_1204240.bmp,1
541539,/content/drive/MyDrive/solar_PV/data/China/PV01_Rooftop_FlatConcrete/PV01_325314_1205503.bmp,1
544538,/content/drive/MyDrive/solar_PV/data/China/PV01_Rooftop_FlatConcrete/PV01_325335_1205369.bmp,1
544831,/content/drive/MyDrive/solar_PV/data/China/PV01_Rooftop_FlatConcrete/PV01_325365_1205364.bmp,1
545459,/content/drive/MyDrive/solar_PV/data/China/PV01_Rooftop_FlatConcrete/PV01_325192_1204243.bmp,1
551215,/content/drive/MyDrive/solar_PV/data/China/PV01_Rooftop_SteelTile/PV01_325372_1205528.bmp,1
551601,/content/drive/MyDrive/solar_PV/data/China/PV01_Rooftop_FlatConcrete/PV01_325322_1205372.bmp,1
553270,/content/drive/MyDrive/solar_PV/data/China/PV01_Rooftop_SteelTile/PV01_325367_1205530.bmp,1
562739,/content/drive/MyDrive/solar_PV/data/China/PV01_Rooftop_FlatConcrete/PV01_325134_1204235.bmp,1
562911,/content/drive/MyDrive/solar_PV/data/China/PV01_Rooftop_FlatConcrete/PV01_325192_1204246.bmp,1
563100,/content/drive/MyDrive/solar_PV/data/China/PV01_Rooftop_FlatConcrete/PV01_325204_1204156.bmp,1
563958,/content/drive/MyDrive/solar_PV/data/China/PV01_Rooftop_FlatConcrete/PV01_325319_1205375.bmp,1
564226,/content/drive/MyDrive/solar_PV/data/China/PV01_Rooftop_FlatConcrete/PV01_325127_1204229.bmp,1
565296,/content/drive/MyDrive/solar_PV/data/China/PV01_Rooftop_FlatConcrete/PV01_325215_1204205.bmp,1
565589,/content/drive/MyDrive/solar_PV/data/China/PV01_Rooftop_Brick/PV01_325483_1204512.bmp,1
565940,/content/drive/MyDrive/solar_PV/data/China/PV01_Rooftop_Brick/PV01_325120_1203763.bmp,1
566292,/content/drive/MyDrive/solar_PV/data/China/PV01_Rooftop_FlatConcrete/PV01_325218_1204186.bmp,1
568314,/content/drive/MyDrive/solar_PV/data/China/PV01_Rooftop_FlatConcrete/PV01_325130_1204227.bmp,1
568361,/content/drive/MyDrive/solar_PV/data/China/PV01_Rooftop_FlatConcrete/PV01_325199_1204175.bmp,1
571580,/content/drive/MyDrive/solar_PV/data/China/PV01_Rooftop_FlatConcrete/PV01_325572_1204547.bmp,1
572566,/content/drive/MyDrive/solar_PV/data/China/PV01_Rooftop_FlatConcrete/PV01_325338_1205375.bmp,1
572690,/content/drive/MyDrive/solar_PV/data/China/PV01_Rooftop_Brick/PV01_325122_1203840.bmp,1
573639,/content/drive/MyDrive/solar_PV/data/China/PV01_Rooftop_FlatConcrete/PV01_325356_1205364.bmp,1
574877,/content/drive/MyDrive/solar_PV/data/China/PV01_Rooftop_FlatConcrete/PV01_325319_1205380.bmp,1
575540,/content/drive/MyDrive/solar_PV/data/China/PV01_Rooftop_FlatConcrete/PV01_325326_1205369.bmp,1
576222,/content/drive/MyDrive/solar_PV/data/China/PV01_Rooftop_FlatConcrete/PV01_325188_1204156.bmp,1
576652,/content/drive/MyDrive/solar_PV/data/China/PV01_Rooftop_FlatConcrete/PV01_325127_1204232.bmp,1
578016,/content/drive/MyDrive/solar_PV/data/China/PV01_Rooftop_SteelTile/PV01_325358_1205533.bmp,1
578853,/content/drive/MyDrive/solar_PV/data/China/PV01_Rooftop_FlatConcrete/PV01_325211_1204200.bmp,1
584497,/content/drive/MyDrive/solar_PV/data/China/PV01_Rooftop_FlatConcrete/PV01_325130_1204246.bmp,1
590002,/content/drive/MyDrive/solar_PV/data/China/PV01_Rooftop_SteelTile/PV01_325141_1204229.bmp,1
591234,/content/drive/MyDrive/solar_PV/data/China/PV01_Rooftop_FlatConcrete/PV01_325361_1205356.bmp,1
591890,/content/drive/MyDrive/solar_PV/data/China/PV01_Rooftop_FlatConcrete/PV01_325221_1204203.bmp,1
594118,/content/drive/MyDrive/solar_PV/data/China/PV01_Rooftop_FlatConcrete/PV01_325218_1204183.bmp,1
594797,/content/drive/MyDrive/solar_PV/data/China/PV01_Rooftop_FlatConcrete/PV01_325414_1205362.bmp,1
595686,/content/drive/MyDrive/solar_PV/data/China/PV01_Rooftop_FlatConcrete/PV01_325208_1204178.bmp,1
599093,/content/drive/MyDrive/solar_PV/data/China/PV01_Rooftop_SteelTile/PV01_325144_1204224.bmp,1
599572,/content/drive/MyDrive/solar_PV/data/China/PV01_Rooftop_FlatConcrete/PV01_325188_1204167.bmp,1
599872,/content/drive/MyDrive/solar_PV/data/China/PV01_Rooftop_SteelTile/PV01_325208_1204232.bmp,1
605396,/content/drive/MyDrive/solar_PV/data/China/PV01_Rooftop_FlatConcrete/PV01_325132_1204227.bmp,1
605848,/content/drive/MyDrive/solar_PV/data/China/PV01_Rooftop_Brick/PV01_325558_1204596.bmp,1
607114,/content/drive/MyDrive/solar_PV/data/China/PV01_Rooftop_FlatConcrete/PV01_325317_1205375.bmp,1
607926,/content/drive/MyDrive/solar_PV/data/China/PV01_Rooftop_FlatConcrete/PV01_325421_1205353.bmp,1
608202,/content/drive/MyDrive/solar_PV/data/China/PV01_Rooftop_FlatConcrete/PV01_325125_1204246.bmp,1
608300,/content/drive/MyDrive/solar_PV/data/China/PV01_Rooftop_FlatConcrete/PV01_325206_1204151.bmp,1
609508,/content/drive/MyDrive/solar_PV/data/China/PV01_Rooftop_FlatConcrete/PV01_325195_1204167.bmp,1
610735,/content/drive/MyDrive/solar_PV/data/China/PV01_Rooftop_FlatConcrete/PV01_325220_1204186.bmp,1
611248,/content/drive/MyDrive/solar_PV/data/China/PV01_Rooftop_FlatConcrete/PV01_325134_1204251.bmp,1
611290,/content/drive/MyDrive/solar_PV/data/China/PV01_Rooftop_Brick/PV01_325429_1203811.bmp,1
611420,/content/drive/MyDrive/solar_PV/data/China/PV01_Rooftop_Brick/PV01_325360_1203797.bmp,1
611445,/content/drive/MyDrive/solar_PV/data/China/PV01_Rooftop_FlatConcrete/PV01_325199_1204164.bmp,1
612592,/content/drive/MyDrive/solar_PV/data/China/PV01_Rooftop_FlatConcrete/PV01_325217_1204200.bmp,1
612811,/content/drive/MyDrive/solar_PV/data/China/PV01_Rooftop_SteelTile/PV01_325144_1204227.bmp,1
613129,/content/drive/MyDrive/solar_PV/data/China/PV01_Rooftop_FlatConcrete/PV01_325208_1204194.bmp,1
613691,/content/drive/MyDrive/solar_PV/data/China/PV01_Rooftop_Brick/PV01_325228_1203848.bmp,1
613823,/content/drive/MyDrive/solar_PV/data/China/PV01_Rooftop_FlatConcrete/PV01_325208_1204172.bmp,1
616999,/content/drive/MyDrive/solar_PV/data/China/PV01_Rooftop_SteelTile/PV01_325146_1204246.bmp,1
618568,/content/drive/MyDrive/solar_PV/data/China/PV01_Rooftop_FlatConcrete/PV01_325215_1204183.bmp,1
619480,/content/drive/MyDrive/solar_PV/data/China/PV01_Rooftop_FlatConcrete/PV01_325201_1204153.bmp,1
621684,/content/drive/MyDrive/solar_PV/data/China/PV01_Rooftop_Brick/PV01_325603_1204545.bmp,1
624431,/content/drive/MyDrive/solar_PV/data/China/PV01_Rooftop_FlatConcrete/PV01_325190_1204156.bmp,1
624467,/content/drive/MyDrive/solar_PV/data/China/PV01_Rooftop_FlatConcrete/PV01_325319_1205383.bmp,1
628503,/content/drive/MyDrive/solar_PV/data/China/PV01_Rooftop_FlatConcrete/PV01_325123_1204229.bmp,1
629941,/content/drive/MyDrive/solar_PV/data/China/PV01_Rooftop_FlatConcrete/PV01_325321_1205380.bmp,1
630597,/content/drive/MyDrive/solar_PV/data/China/PV01_Rooftop_FlatConcrete/PV01_325208_1204170.bmp,1
633423,/content/drive/MyDrive/solar_PV/data/China/PV01_Rooftop_Brick/PV01_325327_1203767.bmp,1
633993,/content/drive/MyDrive/solar_PV/data/China/PV01_Rooftop_FlatConcrete/PV01_325574_1204539.bmp,1
634203,/content/drive/MyDrive/solar_PV/data/China/PV01_Rooftop_FlatConcrete/PV01_325208_1204197.bmp,1
634457,/content/drive/MyDrive/solar_PV/data/China/PV01_Rooftop_Brick/PV01_325595_1204553.bmp,1
635454,/content/drive/MyDrive/solar_PV/data/China/PV01_Rooftop_FlatConcrete/PV01_325125_1204248.bmp,1
635984,/content/drive/MyDrive/solar_PV/data/China/PV01_Rooftop_FlatConcrete/PV01_325328_1205377.bmp,1
637855,/content/drive/MyDrive/solar_PV/data/China/PV01_Rooftop_FlatConcrete/PV01_325326_1205377.bmp,1
646888,/content/drive/MyDrive/solar_PV/data/China/PV01_Rooftop_Brick/PV01_325399_1203751.bmp,1
647973,/content/drive/MyDrive/solar_PV/data/China/PV01_Rooftop_FlatConcrete/PV01_325130_1204232.bmp,1
648116,/content/drive/MyDrive/solar_PV/data/China/PV01_Rooftop_FlatConcrete/PV01_325132_1204237.bmp,1
648257,/content/drive/MyDrive/solar_PV/data/China/PV01_Rooftop_Brick/PV01_325588_1204556.bmp,1
649395,/content/drive/MyDrive/solar_PV/data/China/PV01_Rooftop_FlatConcrete/PV01_325199_1204156.bmp,1
659912,/content/drive/MyDrive/solar_PV/data/China/PV01_Rooftop_FlatConcrete/PV01_325321_1205383.bmp,1
660736,/content/drive/MyDrive/solar_PV/data/China/PV01_Rooftop_FlatConcrete/PV01_325354_1205356.bmp,1
662162,/content/drive/MyDrive/solar_PV/data/China/PV01_Rooftop_FlatConcrete/PV01_325197_1204249.bmp,1
662182,/content/drive/MyDrive/solar_PV/data/China/PV01_Rooftop_SteelTile/PV01_325362_1205527.bmp,1
662931,/content/drive/MyDrive/solar_PV/data/China/PV01_Rooftop_FlatConcrete/PV01_325201_1204161.bmp,1
663494,/content/drive/MyDrive/solar_PV/data/China/PV01_Rooftop_FlatConcrete/PV01_325215_1204200.bmp,1
663788,/content/drive/MyDrive/solar_PV/data/China/PV01_Rooftop_FlatConcrete/PV01_325356_1205367.bmp,1
664378,/content/drive/MyDrive/solar_PV/data/China/PV01_Rooftop_FlatConcrete/PV01_325120_1204229.bmp,1
665437,/content/drive/MyDrive/solar_PV/data/China/PV01_Rooftop_FlatConcrete/PV01_325204_1204148.bmp,1
666729,/content/drive/MyDrive/solar_PV/data/China/PV01_Rooftop_Brick/PV01_325602_1204545.bmp,1
668220,/content/drive/MyDrive/solar_PV/data/China/PV01_Rooftop_SteelTile/PV01_325148_1204243.bmp,1
668269,/content/drive/MyDrive/solar_PV/data/China/PV01_Rooftop_Brick/PV01_325357_1203797.bmp,1
669143,/content/drive/MyDrive/solar_PV/data/China/PV01_Rooftop_Brick/PV01_325346_1203797.bmp,1
670868,/content/drive/MyDrive/solar_PV/data/China/PV01_Rooftop_Brick/PV01_325399_1203797.bmp,1
672710,/content/drive/MyDrive/solar_PV/data/China/PV01_Rooftop_Brick/PV01_325602_1204599.bmp,1
677735,/content/drive/MyDrive/solar_PV/data/China/PV01_Rooftop_FlatConcrete/PV01_325130_1204229.bmp,1
679327,/content/drive/MyDrive/solar_PV/data/China/PV01_Rooftop_FlatConcrete/PV01_325206_1204167.bmp,1
683782,/content/drive/MyDrive/solar_PV/data/China/PV01_Rooftop_Brick/PV01_325503_1203822.bmp,1
687615,/content/drive/MyDrive/solar_PV/data/China/PV01_Rooftop_FlatConcrete/PV01_325361_1205367.bmp,1
688100,/content/drive/MyDrive/solar_PV/data/China/PV01_Rooftop_FlatConcrete/PV01_325204_1204183.bmp,1
691388,/content/drive/MyDrive/solar_PV/data/China/PV01_Rooftop_FlatConcrete/PV01_325333_1205380.bmp,1
691713,/content/drive/MyDrive/solar_PV/data/China/PV01_Rooftop_FlatConcrete/PV01_325419_1205356.bmp,1
692067,/content/drive/MyDrive/solar_PV/data/China/PV01_Rooftop_FlatConcrete/PV01_325127_1204251.bmp,1
692423,/content/drive/MyDrive/solar_PV/data/China/PV01_Rooftop_Brick/PV01_325159_1203813.bmp,1
692604,/content/drive/MyDrive/solar_PV/data/China/PV01_Rooftop_FlatConcrete/PV01_325132_1204246.bmp,1
693071,/content/drive/MyDrive/solar_PV/data/China/PV01_Rooftop_FlatConcrete/PV01_325215_1204194.bmp,1
693406,/content/drive/MyDrive/solar_PV/data/China/PV01_Rooftop_FlatConcrete/PV01_325224_1204192.bmp,1
694110,/content/drive/MyDrive/solar_PV/data/China/PV01_Rooftop_Brick/PV01_325415_1203781.bmp,1
695210,/content/drive/MyDrive/solar_PV/data/China/PV01_Rooftop_FlatConcrete/PV01_325365_1205359.bmp,1
695796,/content/drive/MyDrive/solar_PV/data/China/PV01_Rooftop_Brick/PV01_325131_1203823.bmp,1
696838,/content/drive/MyDrive/solar_PV/data/China/PV01_Rooftop_FlatConcrete/PV01_325195_1204159.bmp,1
696871,/content/drive/MyDrive/solar_PV/data/China/PV01_Rooftop_FlatConcrete/PV01_325423_1205351.bmp,1
697090,/content/drive/MyDrive/solar_PV/data/China/PV01_Rooftop_SteelTile/PV01_325372_1205530.bmp,1
702252,/content/drive/MyDrive/solar_PV/data/China/PV01_Rooftop_FlatConcrete/PV01_325356_1205361.bmp,1
703647,/content/drive/MyDrive/solar_PV/data/China/PV01_Rooftop_Brick/PV01_325583_1204561.bmp,1
703974,/content/drive/MyDrive/solar_PV/data/China/PV01_Rooftop_SteelTile/PV01_325367_1205528.bmp,1
704527,/content/drive/MyDrive/solar_PV/data/China/PV01_Rooftop_FlatConcrete/PV01_325194_1204246.bmp,1
704532,/content/drive/MyDrive/solar_PV/data/China/PV01_Rooftop_FlatConcrete/PV01_325317_1205372.bmp,1
705857,/content/drive/MyDrive/solar_PV/data/China/PV01_Rooftop_SteelTile/PV01_325141_1204246.bmp,1
708163,/content/drive/MyDrive/solar_PV/data/China/PV01_Rooftop_FlatConcrete/PV01_325335_1205375.bmp,1
708741,/content/drive/MyDrive/solar_PV/data/China/PV01_Rooftop_FlatConcrete/PV01_325192_1204161.bmp,1
709454,/content/drive/MyDrive/solar_PV/data/China/PV01_Rooftop_Brick/PV01_325565_1203822.bmp,1
710928,/content/drive/MyDrive/solar_PV/data/China/PV01_Rooftop_SteelTile/PV01_325369_1205530.bmp,1
714575,/content/drive/MyDrive/solar_PV/data/China/PV01_Rooftop_FlatConcrete/PV01_325190_1204240.bmp,1
716435,/content/drive/MyDrive/solar_PV/data/China/PV01_Rooftop_FlatConcrete/PV01_325201_1204151.bmp,1
716537,/content/drive/MyDrive/solar_PV/data/China/PV01_Rooftop_FlatConcrete/PV01_325220_1204197.bmp,1
717147,/content/drive/MyDrive/solar_PV/data/China/PV01_Rooftop_FlatConcrete/PV01_325185_1204159.bmp,1
717913,/content/drive/MyDrive/solar_PV/data/China/PV01_Rooftop_SteelTile/PV01_325144_1204229.bmp,1
719361,/content/drive/MyDrive/solar_PV/data/China/PV01_Rooftop_FlatConcrete/PV01_325412_1205372.bmp,1
720031,/content/drive/MyDrive/solar_PV/data/China/PV01_Rooftop_FlatConcrete/PV01_325227_1204194.bmp,1
722122,/content/drive/MyDrive/solar_PV/data/China/PV01_Rooftop_Brick/PV01_325574_1204561.bmp,1
722424,/content/drive/MyDrive/solar_PV/data/China/PV01_Rooftop_FlatConcrete/PV01_325201_1204156.bmp,1
722929,/content/drive/MyDrive/solar_PV/data/China/PV01_Rooftop_Brick/PV01_325466_1203781.bmp,1
723439,/content/drive/MyDrive/solar_PV/data/China/PV01_Rooftop_FlatConcrete/PV01_325325_1205372.bmp,1
723881,/content/drive/MyDrive/solar_PV/data/China/PV01_Rooftop_Brick/PV01_325602_1204602.bmp,1
724072,/content/drive/MyDrive/solar_PV/data/China/PV01_Rooftop_FlatConcrete/PV01_325125_1204224.bmp,1
724111,/content/drive/MyDrive/solar_PV/data/China/PV01_Rooftop_Brick/PV01_325597_1204556.bmp,1
724558,/content/drive/MyDrive/solar_PV/data/China/PV01_Rooftop_FlatConcrete/PV01_325130_1204254.bmp,1
725753,/content/drive/MyDrive/solar_PV/data/China/PV01_Rooftop_FlatConcrete/PV01_325215_1204181.bmp,1
727032,/content/drive/MyDrive/solar_PV/data/China/PV01_Rooftop_FlatConcrete/PV01_325125_1204235.bmp,1
731533,/content/drive/MyDrive/solar_PV/data/China/PV01_Rooftop_FlatConcrete/PV01_325204_1204175.bmp,1
733761,/content/drive/MyDrive/solar_PV/data/China/PV01_Rooftop_FlatConcrete/PV01_325132_1204232.bmp,1
734664,/content/drive/MyDrive/solar_PV/data/China/PV01_Rooftop_Brick/PV01_325122_1203842.bmp,1
737182,/content/drive/MyDrive/solar_PV/data/China/PV01_Rooftop_Brick/PV01_325472_1204667.bmp,1
740823,/content/drive/MyDrive/solar_PV/data/China/PV01_Rooftop_FlatConcrete/PV01_325359_1205358.bmp,1
742102,/content/drive/MyDrive/solar_PV/data/China/PV01_Rooftop_FlatConcrete/PV01_325217_1204202.bmp,1
742943,/content/drive/MyDrive/solar_PV/data/China/PV01_Rooftop_FlatConcrete/PV01_325208_1204156.bmp,1
743613,/content/drive/MyDrive/solar_PV/data/China/PV01_Rooftop_FlatConcrete/PV01_325356_1205353.bmp,1
745127,/content/drive/MyDrive/solar_PV/data/China/PV01_Rooftop_SteelTile/PV01_325367_1205522.bmp,1
745181,/content/drive/MyDrive/solar_PV/data/China/PV01_Rooftop_FlatConcrete/PV01_325208_1204167.bmp,1
746351,/content/drive/MyDrive/solar_PV/data/China/PV01_Rooftop_Brick/PV01_325583_1204528.bmp,1
746563,/content/drive/MyDrive/solar_PV/data/China/PV01_Rooftop_FlatConcrete/PV01_325188_1204161.bmp,1
747635,/content/drive/MyDrive/solar_PV/data/China/PV01_Rooftop_SteelTile/PV01_325365_1205527.bmp,1
750862,/content/drive/MyDrive/solar_PV/data/China/PV01_Rooftop_FlatConcrete/PV01_325227_1204197.bmp,1
752232,/content/drive/MyDrive/solar_PV/data/China/PV01_Rooftop_FlatConcrete/PV01_325572_1204542.bmp,1
753686,/content/drive/MyDrive/solar_PV/data/China/PV01_Rooftop_SteelTile/PV01_325143_1204243.bmp,1
754332,/content/drive/MyDrive/solar_PV/data/China/PV01_Rooftop_Brick/PV01_324956_1203803.bmp,1
758392,/content/drive/MyDrive/solar_PV/data/China/PV01_Rooftop_Brick/PV01_325288_1203848.bmp,1
760340,/content/drive/MyDrive/solar_PV/data/China/PV01_Rooftop_Brick/PV01_325426_1204680.bmp,1
761530,/content/drive/MyDrive/solar_PV/data/China/PV01_Rooftop_FlatConcrete/PV01_325365_1205367.bmp,1
764954,/content/drive/MyDrive/solar_PV/data/China/PV01_Rooftop_FlatConcrete/PV01_325409_1205351.bmp,1
766930,/content/drive/MyDrive/solar_PV/data/China/PV01_Rooftop_Brick/PV01_324972_1203798.bmp,1
769562,/content/drive/MyDrive/solar_PV/data/China/PV01_Rooftop_FlatConcrete/PV01_325224_1204194.bmp,1
775151,/content/drive/MyDrive/solar_PV/data/China/PV01_Rooftop_Brick/PV01_325131_1203826.bmp,1
777037,/content/drive/MyDrive/solar_PV/data/China/PV01_Rooftop_FlatConcrete/PV01_325125_1204237.bmp,1
779901,/content/drive/MyDrive/solar_PV/data/China/PV01_Rooftop_SteelTile/PV01_325146_1204224.bmp,1
780144,/content/drive/MyDrive/solar_PV/data/China/PV01_Rooftop_SteelTile/PV01_325355_1205527.bmp,1
780819,/content/drive/MyDrive/solar_PV/data/China/PV01_Rooftop_Brick/PV01_325371_1203805.bmp,1
783522,/content/drive/MyDrive/solar_PV/data/China/PV01_Rooftop_Brick/PV01_325590_1204548.bmp,1
784915,/content/drive/MyDrive/solar_PV/data/China/PV01_Rooftop_Brick/PV01_325574_1204564.bmp,1
785121,/content/drive/MyDrive/solar_PV/data/China/PV01_Rooftop_Brick/PV01_324942_1203839.bmp,1
787185,/content/drive/MyDrive/solar_PV/data/China/PV01_Rooftop_FlatConcrete/PV01_325222_1204181.bmp,1
789408,/content/drive/MyDrive/solar_PV/data/China/PV01_Rooftop_FlatConcrete/PV01_325199_1204178.bmp,1
791852,/content/drive/MyDrive/solar_PV/data/China/PV01_Rooftop_FlatConcrete/PV01_325213_1204186.bmp,1
799605,/content/drive/MyDrive/solar_PV/data/China/PV01_Rooftop_FlatConcrete/PV01_325206_1204178.bmp,1
803621,/content/drive/MyDrive/solar_PV/data/China/PV01_Rooftop_FlatConcrete/PV01_325333_1205377.bmp,1
805541,/content/drive/MyDrive/solar_PV/data/China/PV01_Rooftop_Brick/PV01_325371_1203808.bmp,1
807212,/content/drive/MyDrive/solar_PV/data/China/PV01_Rooftop_FlatConcrete/PV01_325130_1204237.bmp,1
807499,/content/drive/MyDrive/solar_PV/data/China/PV01_Rooftop_FlatConcrete/PV01_325190_1204246.bmp,1
807511,/content/drive/MyDrive/solar_PV/data/China/PV01_Rooftop_FlatConcrete/PV01_325324_1205369.bmp,1
809748,/content/drive/MyDrive/solar_PV/data/China/PV01_Rooftop_FlatConcrete/PV01_325204_1204167.bmp,1
810307,/content/drive/MyDrive/solar_PV/data/China/PV01_Rooftop_FlatConcrete/PV01_325412_1205353.bmp,1
810434,/content/drive/MyDrive/solar_PV/data/China/PV01_Rooftop_FlatConcrete/PV01_325414_1205372.bmp,1
813930,/content/drive/MyDrive/solar_PV/data/China/PV01_Rooftop_FlatConcrete/PV01_325338_1205372.bmp,1
816333,/content/drive/MyDrive/solar_PV/data/China/PV01_Rooftop_FlatConcrete/PV01_325199_1204170.bmp,1
817929,/content/drive/MyDrive/solar_PV/data/China/PV01_Rooftop_FlatConcrete/PV01_325190_1204161.bmp,1
820761,/content/drive/MyDrive/solar_PV/data/China/PV01_Rooftop_FlatConcrete/PV01_325338_1205383.bmp,1
822131,/content/drive/MyDrive/solar_PV/data/China/PV01_Rooftop_FlatConcrete/PV01_325324_1205375.bmp,1
822217,/content/drive/MyDrive/solar_PV/data/China/PV01_Rooftop_SteelTile/PV01_325360_1205525.bmp,1
823534,/content/drive/MyDrive/solar_PV/data/China/PV01_Rooftop_Brick/PV01_325435_1204699.bmp,1
823801,/content/drive/MyDrive/solar_PV/data/China/PV01_Rooftop_SteelTile/PV01_325146_1204243.bmp,1
825238,/content/drive/MyDrive/solar_PV/data/China/PV01_Rooftop_Brick/PV01_325346_1203791.bmp,1
826250,/content/drive/MyDrive/solar_PV/data/China/PV01_Rooftop_Brick/PV01_325415_1203775.bmp,1
828841,/content/drive/MyDrive/solar_PV/data/China/PV01_Rooftop_FlatConcrete/PV01_325412_1205362.bmp,1
832426,/content/drive/MyDrive/solar_PV/data/China/PV01_Rooftop_FlatConcrete/PV01_325125_1204243.bmp,1
832591,/content/drive/MyDrive/solar_PV/data/China/PV01_Rooftop_FlatConcrete/PV01_325215_1204197.bmp,1
833320,/content/drive/MyDrive/solar_PV/data/China/PV01_Rooftop_Brick/PV01_325348_1203797.bmp,1
834049,/content/drive/MyDrive/solar_PV/data/China/PV01_Rooftop_FlatConcrete/PV01_325208_1204164.bmp,1
834182,/content/drive/MyDrive/solar_PV/data/China/PV01_Rooftop_SteelTile/PV01_325143_1204237.bmp,1
835377,/content/drive/MyDrive/solar_PV/data/China/PV01_Rooftop_FlatConcrete/PV01_325134_1204248.bmp,1
835990,/content/drive/MyDrive/solar_PV/data/China/PV01_Rooftop_FlatConcrete/PV01_325418_1205372.bmp,1
837029,/content/drive/MyDrive/solar_PV/data/China/PV01_Rooftop_SteelTile/PV01_325362_1205525.bmp,1
839039,/content/drive/MyDrive/solar_PV/data/China/PV01_Rooftop_Brick/PV01_325494_1203754.bmp,1
843447,/content/drive/MyDrive/solar_PV/data/China/PV01_Rooftop_FlatConcrete/PV01_325132_1204248.bmp,1
845442,/content/drive/MyDrive/solar_PV/data/China/PV01_Rooftop_FlatConcrete/PV01_325208_1204161.bmp,1
847154,/content/drive/MyDrive/solar_PV/data/China/PV01_Rooftop_Brick/PV01_324942_1203842.bmp,1
847940,/content/drive/MyDrive/solar_PV/data/China/PV01_Rooftop_FlatConcrete/PV01_325188_1204159.bmp,1
849390,/content/drive/MyDrive/solar_PV/data/China/PV01_Rooftop_Brick/PV01_325122_1203834.bmp,1
853506,/content/drive/MyDrive/solar_PV/data/China/PV01_Rooftop_FlatConcrete/PV01_325134_1204246.bmp,1
853897,/content/drive/MyDrive/solar_PV/data/China/PV01_Rooftop_FlatConcrete/PV01_325217_1204197.bmp,1
857076,/content/drive/MyDrive/solar_PV/data/China/PV01_Rooftop_Brick/PV01_325124_1203845.bmp,1
858573,/content/drive/MyDrive/solar_PV/data/China/PV01_Rooftop_FlatConcrete/PV01_325218_1204191.bmp,1
858578,/content/drive/MyDrive/solar_PV/data/China/PV01_Rooftop_FlatConcrete/PV01_325324_1205383.bmp,1
860732,/content/drive/MyDrive/solar_PV/data/China/PV01_Rooftop_FlatConcrete/PV01_325335_1205377.bmp,1
861471,/content/drive/MyDrive/solar_PV/data/China/PV01_Rooftop_Brick/PV01_325503_1203819.bmp,1
863533,/content/drive/MyDrive/solar_PV/data/China/PV01_Rooftop_FlatConcrete/PV01_325222_1204202.bmp,1
866571,/content/drive/MyDrive/solar_PV/data/China/PV01_Rooftop_FlatConcrete/PV01_325127_1204248.bmp,1
866652,/content/drive/MyDrive/solar_PV/data/China/PV01_Rooftop_SteelTile/PV01_325148_1204232.bmp,1
868663,/content/drive/MyDrive/solar_PV/data/China/PV01_Rooftop_Brick/PV01_325337_1203789.bmp,1
873895,/content/drive/MyDrive/solar_PV/data/China/PV01_Rooftop_FlatConcrete/PV01_325211_1204186.bmp,1
874338,/content/drive/MyDrive/solar_PV/data/China/PV01_Rooftop_FlatConcrete/PV01_325358_1205367.bmp,1
875286,/content/drive/MyDrive/solar_PV/data/China/PV01_Rooftop_FlatConcrete/PV01_325419_1205351.bmp,1
877536,/content/drive/MyDrive/solar_PV/data/China/PV01_Rooftop_SteelTile/PV01_325376_1205525.bmp,1
880402,/content/drive/MyDrive/solar_PV/data/China/PV01_Rooftop_Brick/PV01_325346_1203794.bmp,1
882402,/content/drive/MyDrive/solar_PV/data/China/PV01_Rooftop_SteelTile/PV01_325150_1204243.bmp,1
883382,/content/drive/MyDrive/solar_PV/data/China/PV01_Rooftop_SteelTile/PV01_325362_1205522.bmp,1
884404,/content/drive/MyDrive/solar_PV/data/China/PV01_Rooftop_FlatConcrete/PV01_325194_1204251.bmp,1
886496,/content/drive/MyDrive/solar_PV/data/China/PV01_Rooftop_Brick/PV01_325154_1203810.bmp,1
889849,/content/drive/MyDrive/solar_PV/data/China/PV01_Rooftop_FlatConcrete/PV01_325217_1204194.bmp,1
